{"val_loss": [0.14744173988699913, 0.13263748362660407, 0.10043795198202134, 0.10619100600481034, 0.050795823559165, 0.29947718650102617, 0.07493606343865394, 0.04662181552499533, 0.04447162337601185, 0.08372662246227264, 0.04087227512151003, 0.04004787001758814, 0.029486662056297065, 0.07409382745623588, 0.1733026123046875, 0.07575430318713189, 0.02594591605477035, 0.03684407640248537, 0.12291447624564171, 0.020862974720075728, 0.08421729691326618, 0.03244175525382161, 0.05370961293578148, 0.05733280194923282], "val_acc": [0.947109375, 0.94890625, 0.958125, 0.955625, 0.98359375, 0.869140625, 0.973671875, 0.982421875, 0.983203125, 0.96546875, 0.985234375, 0.985, 0.989453125, 0.97546875, 0.92609375, 0.969765625, 0.991015625, 0.985625, 0.949609375, 0.992734375, 0.96625, 0.98765625, 0.979375, 0.979921875], "loss": [0.27475343979895117, 0.12589684719219804, 0.0915540836006403, 0.07146828718483449, 0.06063757779076696, 0.05157927978783846, 0.046552446228452025, 0.04261947676539421, 0.03891715651843697, 0.0362726840050891, 0.033733189227059486, 0.03341963888145983, 0.029748332714661957, 0.028475154312327503, 0.027931829201988875, 0.026303927190601827, 0.025057167920749635, 0.024385507812257855, 0.02337612339761108, 0.023484268141910434, 0.021278505256632343, 0.02128316989634186, 0.021373530834680424, 0.019921292380895465], "acc": [0.8859375, 0.95400390625, 0.9675390625, 0.97607421875, 0.97888671875, 0.9825390625, 0.9839453125, 0.98546875, 0.98671875, 0.9875390625, 0.9887890625, 0.988671875, 0.99013671875, 0.99029296875, 0.99064453125, 0.99169921875, 0.9917578125, 0.991875, 0.99244140625, 0.99275390625, 0.99314453125, 0.99341796875, 0.99298828125, 0.9934765625]}