{"val_loss": [0.2939669045805931, 0.0756737832725048, 0.06635422259569168, 0.057738915979862214, 0.05416132621467114, 0.03390429925173521, 0.02874636610969901, 0.0467187862470746, 0.028174510709941387, 0.04180031914263964, 0.019691579611971974, 0.04263901967555284, 0.09381024241447448, 0.016292553599923848, 0.045285145677626135, 0.015876477910205723, 0.0411618341319263, 0.015352134248241783, 0.04315689455717802, 0.05697396747767925, 0.012964275353588163, 0.023634580066427588, 0.01299650355707854, 0.03152694799005985, 0.027208865266293288], "val_acc": [0.861171875, 0.975546875, 0.977421875, 0.9809375, 0.980625, 0.989375, 0.991328125, 0.98359375, 0.989765625, 0.984921875, 0.994765625, 0.98453125, 0.963515625, 0.99515625, 0.98515625, 0.995703125, 0.98609375, 0.995625, 0.983203125, 0.978203125, 0.996015625, 0.992421875, 0.996484375, 0.987578125, 0.989609375], "loss": [0.2620821500942111, 0.11375737266615032, 0.0769982392527163, 0.05795964856632054, 0.04859070076607168, 0.04110649351030588, 0.035526916049420834, 0.0319378179917112, 0.03002210030797869, 0.028270685726311057, 0.02489234393229708, 0.023398030558601023, 0.023366605446208267, 0.022266063118586317, 0.020919075509300455, 0.019185244112741202, 0.01876619511982426, 0.01825801525847055, 0.017866484960541128, 0.017390541429631413, 0.01637158404686488, 0.016150891378056257, 0.01594537323573604, 0.014838608395075425, 0.01547418135101907], "acc": [0.8897265625, 0.9584765625, 0.97208984375, 0.97951171875, 0.9828515625, 0.98623046875, 0.98845703125, 0.988984375, 0.9896875, 0.99056640625, 0.9914453125, 0.99158203125, 0.99212890625, 0.99259765625, 0.99283203125, 0.993671875, 0.99421875, 0.9943359375, 0.99408203125, 0.99431640625, 0.9946484375, 0.99462890625, 0.994609375, 0.9954296875, 0.99482421875]}