{"val_loss": [0.20678527146577835, 0.12686140313744546, 0.2546225297451019, 0.07189873583614827, 0.06599502056837082, 0.07411079429090023, 0.08528576545417309, 0.08218734450638294, 0.0539117207378149, 0.04562443226575851, 0.04572997082024813, 0.04976711586117744, 0.02664189528673887, 0.0516044757142663, 0.023111726492643356, 0.024388832449913026, 0.16813815876841545, 0.020106164924800395, 0.03787594515830278, 0.025353553015738727, 0.020691723879426718, 0.018645933400839566, 0.016591314440593124, 0.016189278895035387, 0.0700135201960802], "val_acc": [0.916796875, 0.9571875, 0.89078125, 0.97796875, 0.978125, 0.973984375, 0.96703125, 0.969375, 0.980703125, 0.985, 0.983515625, 0.983046875, 0.991484375, 0.98015625, 0.993046875, 0.992421875, 0.933828125, 0.993515625, 0.98515625, 0.990625, 0.99359375, 0.993828125, 0.995078125, 0.995234375, 0.973125], "loss": [0.34775174006819726, 0.17934443917125464, 0.13255668681114913, 0.10232153493911028, 0.085035055372864, 0.07419119574129582, 0.06660805183462798, 0.058671871833503246, 0.054514853013679386, 0.049728810247033836, 0.04639252169057727, 0.04415722889825702, 0.04085706152953208, 0.03733019539620727, 0.03606893851887435, 0.03692413326818496, 0.034640946444123986, 0.032910842490382494, 0.03134020524565131, 0.030054113562218845, 0.029491165806539356, 0.0282097249571234, 0.027704471768811346, 0.027575071034953, 0.02644976666662842], "acc": [0.84896484375, 0.930234375, 0.94982421875, 0.9637109375, 0.96923828125, 0.974453125, 0.9765234375, 0.9798046875, 0.98060546875, 0.9832421875, 0.9841796875, 0.985390625, 0.98591796875, 0.98744140625, 0.98787109375, 0.9872265625, 0.9882421875, 0.98912109375, 0.98958984375, 0.99001953125, 0.990546875, 0.99060546875, 0.9905078125, 0.990625, 0.990546875]}